{
	"pattrstorage" : 	{
		"name" : "xEQstorage",
		"slots" : 		{
			"1" : 			{
				"id" : 1,
				"data" : 				{
					"xFiltergraph" : [ 4, 0, 5, 1, 0, 0, 148.519897, 4.542954, 6.304967, 1, 5, 1, 0, 0, 826.595947, 3.445787, 2.426684, 2, 5, 1, 0, 0, 1869.785767, 0.400326, 3.760135, 3, 5, 1, 0, 0, 6175.039063, 8.657931, 3.506415 ]
				}

			}
,
			"2" : 			{
				"id" : 2,
				"data" : 				{
					"xFiltergraph" : [ 4, 0, 5, 1, 0, 0, 10700.02832, 8.927915, 2.889497, 1, 5, 1, 0, 0, 533.846375, 0.376389, 5.202002, 2, 5, 1, 0, 0, 2947.776855, 4.143079, 2.199091, 3, 5, 1, 0, 0, 9732.494141, 1.329321, 1.779795 ]
				}

			}
,
			"3" : 			{
				"id" : 3,
				"data" : 				{
					"xFiltergraph" : [ 4, 0, 5, 1, 0, 0, 148.519897, 0.139917, 3.850938, 1, 5, 1, 0, 0, 576.046082, 9.493397, 1.541682, 2, 5, 1, 0, 0, 5616.59375, 6.368696, 2.199195, 3, 5, 1, 0, 0, 1637.239258, 13.722901, 5.215121 ]
				}

			}
,
			"4" : 			{
				"id" : 4,
				"data" : 				{
					"xFiltergraph" : [ 4, 0, 5, 1, 0, 0, 5511.115234, 0.070423, 6.387553, 1, 5, 1, 0, 0, 5206.413574, 11.769829, 2.54636, 2, 5, 1, 0, 0, 148.519897, 0.388174, 0.265646, 3, 5, 1, 0, 0, 795.777344, 0.512224, 5.616483 ]
				}

			}
,
			"5" : 			{
				"id" : 5,
				"data" : 				{
					"xFiltergraph" : [ 4, 0, 5, 1, 0, 0, 1700.563843, 10.73406, 8.117915, 1, 5, 1, 0, 0, 268.857422, 0.635414, 6.342689, 2, 5, 1, 0, 0, 160.373856, 5.989308, 4.917629, 3, 5, 1, 0, 0, 723.653015, 1.699853, 4.744227 ]
				}

			}

		}

	}

}
