{
	"pattrstorage" : 	{
		"name" : "xEQstorage",
		"slots" : 		{
			"1" : 			{
				"id" : 1,
				"data" : 				{
					"xFiltergraph" : [ 4, 0, 5, 1, 0, 0, 209.711136, 0.24433, 7.98847, 1, 5, 1, 0, 0, 710.030273, 0.24433, 7.112382, 2, 5, 1, 0, 0, 1606.465698, 0.190772, 11.058021, 3, 5, 1, 0, 0, 5945.291992, 0.082373, 1.374524 ]
				}

			}
,
			"2" : 			{
				"id" : 2,
				"data" : 				{
					"xFiltergraph" : [ 4, 0, 5, 1, 0, 0, 1606.465698, 0.105751, 4.357768, 1, 5, 1, 0, 0, 533.846375, 0.376389, 5.202002, 2, 5, 1, 0, 0, 107.062317, 0.144329, 2.199091, 3, 5, 1, 0, 0, 8523.101563, 1.28908, 1.779795 ]
				}

			}
,
			"3" : 			{
				"id" : 3,
				"data" : 				{
					"xFiltergraph" : [ 4, 0, 5, 1, 0, 0, 232.648071, 1.003647, 2.008243, 1, 5, 1, 0, 0, 83.330803, 1.003647, 1.541682, 2, 5, 1, 0, 0, 780.236938, 1.003647, 0.955173, 3, 5, 1, 0, 0, 5734.258789, 1.048069, 0.99541 ]
				}

			}
,
			"4" : 			{
				"id" : 4,
				"data" : 				{
					"xFiltergraph" : [ 4, 0, 5, 1, 0, 0, 5511.115234, 0.34313, 8.141583, 1, 5, 1, 0, 0, 198.010162, 2.383399, 3.24464, 2, 5, 1, 0, 0, 737.536377, 0.741104, 0.265646, 3, 5, 1, 0, 0, 795.777344, 0.512224, 5.616483 ]
				}

			}
,
			"5" : 			{
				"id" : 5,
				"data" : 				{
					"xFiltergraph" : [ 4, 0, 5, 1, 0, 0, 7051.329102, 0.077372, 8.117915, 1, 5, 1, 0, 0, 268.857422, 0.635414, 6.342689, 2, 5, 1, 0, 0, 1470.697632, 0.210338, 4.917629, 3, 5, 1, 0, 0, 4384.390137, 0.421733, 5.615426 ]
				}

			}

		}

	}

}
