{
	"pattrstorage" : 	{
		"name" : "xEQstorage",
		"slots" : 		{
			"1" : 			{
				"id" : 1,
				"data" : 				{
					"xFiltergraph" : [ 4, 0, 5, 1, 0, 0, 148.519897, 4.542954, 6.304967, 1, 5, 1, 0, 0, 826.595947, 3.445787, 2.426684, 2, 5, 1, 0, 0, 1869.785767, 0.400326, 3.760135, 3, 5, 1, 0, 0, 6175.039063, 8.657931, 3.506415 ]
				}

			}
,
			"2" : 			{
				"id" : 2,
				"data" : 				{
					"xFiltergraph" : [ 4, 0, 5, 1, 0, 0, 1606.465698, 2.865806, 2.889497, 1, 5, 1, 0, 0, 533.846375, 0.376389, 5.202002, 2, 5, 1, 0, 0, 433.015106, 11.41392, 2.199091, 3, 5, 1, 0, 0, 8523.101563, 1.28908, 1.779795 ]
				}

			}
,
			"3" : 			{
				"id" : 3,
				"data" : 				{
					"xFiltergraph" : [ 4, 0, 5, 1, 0, 0, 232.648071, 1.003647, 2.008243, 1, 5, 1, 0, 0, 83.330803, 1.003647, 1.541682, 2, 5, 1, 0, 0, 780.236938, 1.003647, 0.955173, 3, 5, 1, 0, 0, 5734.258789, 1.048069, 0.99541 ]
				}

			}
,
			"4" : 			{
				"id" : 4,
				"data" : 				{
					"xFiltergraph" : [ 4, 0, 5, 1, 0, 0, 5511.115234, 0.34313, 8.141583, 1, 5, 1, 0, 0, 2135.322021, 4.017765, 3.24464, 2, 5, 1, 0, 0, 737.536377, 0.741104, 0.265646, 3, 5, 1, 0, 0, 795.777344, 0.512224, 5.616483 ]
				}

			}
,
			"5" : 			{
				"id" : 5,
				"data" : 				{
					"xFiltergraph" : [ 4, 0, 5, 1, 0, 0, 1700.563843, 10.73406, 8.117915, 1, 5, 1, 0, 0, 268.857422, 0.635414, 6.342689, 2, 5, 1, 0, 0, 160.373856, 5.989308, 4.917629, 3, 5, 1, 0, 0, 723.653015, 1.699853, 4.744227 ]
				}

			}

		}

	}

}
