{
	"pattrstorage" : 	{
		"name" : "yEQstorage",
		"slots" : 		{
			"1" : 			{
				"id" : 1,
				"data" : 				{
					"yFiltergraph" : [ 2, 0, 2, 1, 0, 0, 41.861687, 1.003647, 0.728133, 1, 1, 1, 0, 0, 351.15744, 3.553268, 0.358495 ]
				}

			}
,
			"2" : 			{
				"id" : 2,
				"data" : 				{
					"yFiltergraph" : [ 2, 0, 2, 1, 0, 0, 169.873032, 0.788138, 1.884227, 1, 1, 1, 0, 0, 20000.027344, 1.003647, 1.000001 ]
				}

			}
,
			"3" : 			{
				"id" : 3,
				"data" : 				{
					"yFiltergraph" : [ 2, 0, 2, 1, 0, 0, 41.861687, 1.003647, 0.728133, 1, 1, 1, 0, 0, 176.512573, 2.77911, 1.000001 ]
				}

			}
,
			"4" : 			{
				"id" : 4,
				"data" : 				{
					"yFiltergraph" : [ 2, 0, 2, 1, 0, 0, 72.655853, 1.598522, 0.728133, 1, 1, 1, 0, 0, 20000.027344, 1.003647, 1.000001 ]
				}

			}
,
			"5" : 			{
				"id" : 5,
				"data" : 				{
					"yFiltergraph" : [ 2, 0, 2, 1, 0, 0, 33.448574, 1.615914, 0.728133, 1, 1, 1, 0, 0, 268.857422, 1.864008, 1.000001 ]
				}

			}

		}

	}

}
