{
	"pattrstorage" : 	{
		"name" : "yEQstorage",
		"slots" : 		{
			"1" : 			{
				"id" : 1,
				"data" : 				{
					"yFiltergraph" : [ 2, 0, 2, 1, 0, 0, 47.909454, 0.993465, 0.782752, 1, 1, 1, 0, 0, 926.380615, 2.457758, 0.204336 ]
				}

			}
,
			"2" : 			{
				"id" : 2,
				"data" : 				{
					"yFiltergraph" : [ 2, 0, 2, 1, 0, 0, 2947.776855, 1.175513, 1.884227, 1, 1, 1, 0, 0, 20000.027344, 1.003647, 1.000001 ]
				}

			}
,
			"3" : 			{
				"id" : 3,
				"data" : 				{
					"yFiltergraph" : [ 2, 0, 2, 1, 0, 0, 93.51265, 1.550142, 1.848597, 1, 1, 1, 0, 0, 1942.093872, 1.7529, 0.548839 ]
				}

			}
,
			"4" : 			{
				"id" : 4,
				"data" : 				{
					"yFiltergraph" : [ 2, 0, 2, 1, 0, 0, 301.475769, 1.7529, 0.728133, 1, 1, 1, 0, 0, 20000.027344, 1.003647, 1.000001 ]
				}

			}
,
			"5" : 			{
				"id" : 5,
				"data" : 				{
					"yFiltergraph" : [ 2, 0, 2, 1, 0, 0, 33.448574, 1.615914, 0.728133, 1, 1, 1, 0, 0, 268.857422, 1.864008, 1.000001 ]
				}

			}

		}

	}

}
